{
  "project_info": {
    "project_number": "620983868893",
    "firebase_url": "https://fir-test-cf74e.firebaseio.com",
    "project_id": "fir-test-cf74e",
    "storage_bucket": "fir-test-cf74e.appspot.com"
  },
  "client": [
    {
      "client_info": {
        "mobilesdk_app_id": "1:620983868893:android:a2e63cbe52abe775",
        "android_client_info": {
          "package_name": "com.example.tricky.firebasetest"
        }
      },
      "oauth_client": [
        {
          "client_id": "620983868893-a39bbbtulrpug5olvl62hv3tuai4vma9.apps.googleusercontent.com",
          "client_type": 3
        }
      ],
      "api_key": [
        {
          "current_key": "AIzaSyD3tGf2pYZrsKEkbGPpcDK-3VfkyRSV5Ys"
        }
      ],
      "services": {
        "analytics_service": {
          "status": 1
        },
        "appinvite_service": {
          "status": 1,
          "other_platform_oauth_client": []
        },
        "ads_service": {
          "status": 2
        }
      }
    }
  ],
  "configuration_version": "1"
}